{
  "project_info": {
    "project_number": "850408088799",
    "firebase_url": "https://wetube-238018.firebaseio.com",
    "project_id": "wetube-238018",
    "storage_bucket": "wetube-238018.appspot.com"
  },
  "client": [
    {
      "client_info": {
        "mobilesdk_app_id": "1:850408088799:android:e2b518df610854a9",
        "android_client_info": {
          "package_name": "com.CS441.wetube"
        }
      },
      "oauth_client": [
        {
          "client_id": "850408088799-pk84r6a07vd2866dktpbauen0113bebm.apps.googleusercontent.com",
          "client_type": 1,
          "android_info": {
            "package_name": "com.CS441.wetube",
            "certificate_hash": "2b0cf04239ac9d3571bf2cb9fc58ed3bcb61b852"
          }
        },
        {
          "client_id": "850408088799-boni4cfe3m659onnlscbvu04147jhdbj.apps.googleusercontent.com",
          "client_type": 3
        }
      ],
      "api_key": [
        {
          "current_key": "AIzaSyDUxZGNGspd-mWSw4ITjsuRCcK5mVatPw0"
        }
      ],
      "services": {
        "appinvite_service": {
          "other_platform_oauth_client": [
            {
              "client_id": "850408088799-boni4cfe3m659onnlscbvu04147jhdbj.apps.googleusercontent.com",
              "client_type": 3
            }
          ]
        }
      }
    }
  ],
  "configuration_version": "1"
}